Phase,Step,Ux,Uy,Uz,Fx,Fy,Fz,Mx,My,Mz,Rotx,Roty,Rotz
2,0,7.3909550337703e-06,-2.78038231327216e-10,-2.00234040903524e-07,1.97784519195557,-6.69221335556358e-05,-0.000851265445817262,0.000129587308038026,234.454879760742,-0.000156921363668516,-1.00205935586027e-08,0.000132288315615581,1.87837258013273e-09
2,1,2.23345814447384e-05,-3.42912076511936e-09,-5.71457860587543e-07,5.8227162361145,0.00139661540742964,-0.335658431053162,0.00362488999962807,694.673095703125,-0.00491920905187726,-1.29421111445891e-08,0.000396389897163966,4.23660935998458e-09
2,2,2.98937538900645e-05,-4.81320849843314e-09,-6.36544541521289e-07,7.82745504379272,0.000522203161381185,0.223062172532082,0.2174132168293,924.684448242188,-0.0567762777209282,-2.96841359254271e-08,0.000529333355340832,3.68916632467106e-09
2,3,3.36565608449746e-05,-5.3797299948144e-09,-6.37880134490842e-07,8.77095508575439,0.000630558060947806,-0.047661729156971,0.104857914149761,1036.53161621094,-0.0117159131914377,-3.86344966878774e-08,0.000595723427733484,7.47470107077445e-09
2,4,4.11696237279102e-05,-5.93319438024764e-09,-5.92996855175443e-07,10.6765203475952,0.00310911750420928,-0.635112762451172,0.0422097183763981,1258.38696289062,-0.0250918064266443,-7.27065576573984e-08,0.000728277726877745,1.42108248653608e-08
2,5,4.86823191749863e-05,-5.24256682510327e-09,-4.75252505793833e-07,12.5459747314453,0.00298792659305036,-0.846277058124542,0.0574465617537498,1478.49426269531,-0.00679265661165118,-1.19211438682307e-07,0.000860392163757112,1.96073785419818e-08
2,6,5.61957167519722e-05,-4.16411616299683e-09,-3.05487304785856e-07,14.3662481307983,0.00212236866354942,-1.00050246715546,0.0909775793552399,1696.669921875,0.0095928106456995,-1.73591315848535e-07,0.000992178149996079,2.41578665066773e-08
2,7,7.12535183993168e-05,-1.7687724895854e-10,1.7396818918769e-07,17.9892749786377,-0.0136032467707992,-1.52430129051209,-0.272106945514679,2125.99926757813,0.132974624633789,-2.45854663211072e-07,0.00125472042476589,1.11561438159709e-08
2,8,8.63451641635038e-05,3.38921424258842e-09,8.19863544165855e-07,21.5811786651611,-0.0105215134099126,-1.7802232503891,-0.454208582639694,2548.1455078125,0.107582040131092,-2.60286926244743e-07,0.00151609167894374,-5.73921828904582e-09
2,9,0.000101470403023995,5.27312282727621e-09,1.58996112986642e-06,25.1219081878662,-0.00446273246780038,-2.28316950798035,-0.583266139030457,2964.01196289063,0.0779794603586197,-2.28100857868017e-07,0.00177652265653023,-1.72708253924555e-08
2,10,0.000131828914163634,7.64126895091976e-09,3.39942721439002e-06,32.1351509094238,0.027135506272316,-3.74392175674438,-0.189626395702362,3780.86694335937,-0.278122931718826,-1.30349957454511e-07,0.00229506466524745,-2.5300041859447e-08
2,11,0.000192979321582243,9.35522415090873e-09,7.52173309592763e-06,45.8794059753418,0.0737627148628235,-8.67930221557617,0.869341373443603,5372.9599609375,-0.784242928028107,8.38282004064621e-08,0.0033262829492397,-1.95703759688177e-08
2,12,0.00031677758670412,2.52797907052127e-08,1.67216840054607e-05,71.3653182983398,0.0412087924778461,-18.4966888427734,3.373703956604,8427.4501953125,-0.11573152244091,2.6665592338328e-07,0.00537179703986958,9.59004982275965e-08
2,13,0.000517541950102895,5.25636494330684e-08,3.40341139235534e-05,110.756446838379,0.0643735006451607,-19.5859336853027,3.25609302520752,12726.015625,-1.64436197280884,1.18865483388495e-07,0.00852299469314155,6.35874175802215e-08
2,14,0.000728275103028864,1.00728335894473e-07,5.55721671844367e-05,140.12956237793,-0.041071955114603,-4.39780187606812,2.32509803771973,16401.736328125,0.0370569191873074,-5.91419715686024e-07,0.011628967356062,3.78539567634994e-08
2,15,0.000943613995332271,1.56454518673854e-07,7.42228075978346e-05,168.184356689453,0.0263397488743067,7.64268159866333,0.414327383041382,19789.5546875,-0.0552429705858231,-8.39575802820166e-07,0.0147541107391467,-6.88985049817196e-08
2,16,0.00105392106343061,1.2230377421929e-07,8.327162504429e-05,176.477279663086,0.0547115169465542,11.143159866333,0.896547138690949,21319.326171875,0.962912380695343,-1.5627255949703e-07,0.0163168733624908,3.03939072359206e-07
2,17,0.00127642473671585,-7.83889930744408e-08,0.000102330130175687,207.765289306641,-0.0820320248603821,12.2435989379883,0.184040501713753,24178.46484375,0.393774569034576,2.67023514082257e-06,0.0194340726486015,8.19661103182087e-07
2,18,0.00150046136695892,-2.1035054942331e-07,0.000123650854220614,228.510818481445,0.0404920317232609,13.8490390777588,-0.811795592308044,26720.513671875,0.611100494861603,5.13429135875245e-06,0.0225428826081217,1.03503564576982e-06
2,19,0.00172482011839747,-2.91721050871274e-07,0.000147564191138372,246.579452514648,0.235703736543655,12.7869262695313,-0.64684522151947,29036.669921875,1.41294014453888,7.72096594920612e-06,0.0256408603145051,9.29868086227922e-07
2,20,0.00194916012696922,-2.94335649186905e-07,0.000174237778992392,264.959808349609,0.0425261445343494,10.5045833587646,-3.65446853637695,31170.40234375,0.807605981826782,9.14745520695073e-06,0.02872661171547,2.40113227677843e-07
2,21,0.00217337813228369,-1.79557360979743e-07,0.000204101248527877,281.119995117187,-0.476016849279404,6.72507953643799,-4.93519639968872,33137.24609375,2.24548721313477,8.61156197111582e-06,0.0317948007257271,-3.42490575653225e-07
2,22,0.0023971360642463,-5.97902314325438e-08,0.000236189167480916,298.745178222656,-0.0607278347015381,2.20611143112183,-8.10957336425781,34995.359375,0.670497596263885,7.40899597627621e-06,0.03485024316225,2.06084116918741e-07
2,23,0.0026202923618257,1.7916877936841e-07,0.000271463126409799,311.834106445312,0.212261110544205,-1.06543278694153,-8.77496910095215,36717.98046875,-1.75168967247009,5.18224333490744e-06,0.0378862589132674,3.62520258704148e-07
2,24,0.00284267822280526,3.26579822740314e-07,0.000308935908833519,326.838043212891,0.632091462612152,-4.84068250656128,-9.57697200775146,38357.79296875,-8.60828304290771,3.50301671906551e-06,0.040905922897927,3.19814213107451e-07
2,25,0.00306399865075946,5.85512111683784e-07,0.000349297682987526,339.052337646484,1.0840665102005,-9.54482078552246,-5.06795787811279,39891.70703125,-11.439489364624,1.58333843908318e-06,0.0439043959538825,5.0215365732957e-07
2,26,0.00328387529589236,8.39680978970136e-07,0.000393311842344701,350.097930908203,1.58309245109558,-14.8130311965942,-0.969738960266113,41308.921875,-15.0139045715332,-5.27262533540165e-07,0.0468766021300024,8.26432224210111e-07
2,27,0.00350198987871408,1.14094655145891e-06,0.000441314943600446,362.526275634766,1.10978090763092,-21.199068069458,6.25402164459229,42629.38671875,-7.93234539031982,-2.95351600163692e-06,0.0498211306987386,5.82727081630522e-07
2,28,0.00371812819503248,1.473438260291e-06,0.000493590428959578,375.515686035156,-0.0161041375249624,-26.4017696380615,13.0733156204224,43871.65234375,-1.81801044940948,-5.64130047630318e-06,0.0527364108499841,-4.74410467620725e-07
2,29,0.00393211841583252,1.72346017279779e-06,0.000550004653632641,388.142852783203,1.16819298267364,-28.8892288208008,11.0393056869507,45058.9765625,-3.9330198764801,-8.06084012424506e-06,0.0556245703477479,-1.31381263759972e-06
2,30,0.00414399709552526,1.8896748770203e-06,0.000610395800322294,399.340148925781,-0.545135378837586,-30.8531436920166,15.0602779388428,46188.71875,5.34662055969238,-9.46203476138568e-06,0.058486776460687,-1.79574605848629e-06
2,31,0.00435396516695619,1.95815687220602e-06,0.000674276088830084,407.712982177734,-0.986513912677765,-31.802713394165,13.713005065918,47272.48046875,4.6555585861206,-1.02529724533505e-05,0.0613264009276933,-1.42880266599773e-06
2,32,0.00455840863287449,1.64717835104966e-06,0.000748661288525909,411.442840576172,0.647095859050751,-26.6086883544922,9.53457260131836,48256.0078125,3.3075544834137,-6.35586495903499e-06,0.0641029261861564,-6.4997230248327e-07
2,33,0.00476248795166612,1.28541375943314e-06,0.000823514070361853,417.427520751953,0.301390826702118,-22.9921817779541,6.58141326904297,49234.08984375,-4.1698317527771,-2.2180425015403e-06,0.0668769434845336,2.47988281069147e-07
2,34,0.00496759312227368,9.73449573393736e-07,0.000896859099157155,423.271759033203,0.0600005462765694,-9.80487823486328,6.54693698883057,50203.7109375,-0.793633103370666,4.10894841520774e-08,0.0696600921588617,2.35686633449932e-06
2,35,0.00517318584024906,8.72083035119431e-07,0.000969865825027227,433.40869140625,-0.225123018026352,2.9151782989502,4.65033578872681,51160.3515625,0.432935029268265,-9.22441465602267e-07,0.0724447749577105,5.14947212080264e-06
2,36,0.00537899602204561,1.00195723007346e-06,0.00104296708013862,441.249633789063,-0.00928082223981619,10.5441703796387,1.55723333358765,52085.859375,0.393997639417648,-4.74371557986974e-06,0.0752292109626146,5.27259999274195e-06
2,37,0.00558452727273107,8.5303150854088e-07,0.00111721246503294,448.511688232422,-0.148337453603745,13.7598743438721,-3.45537161827087,52982.84375,-0.453685879707337,-4.25216365273767e-06,0.0780061897883272,7.63093905128098e-06
2,38,0.00578979030251503,7.20805871878838e-07,0.00119196611922234,454.421600341797,-0.531338214874268,15.5920362472534,-5.18920946121216,53860.1328125,4.3375825881958,-3.63487834327124e-06,0.0807797601895615,9.52213737242361e-06
2,39,0.00599470129236579,5.22954849202506e-07,0.00126743095461279,463.320678710937,-0.0335888341069222,18.2005481719971,-6.80379676818848,54720.51171875,1.63165831565857,-2.29057563627314e-06,0.0835484280624364,1.17913276714628e-05
2,40,0.00619911402463913,3.58033560132753e-07,0.00134373770561069,472.467834472656,1.45839715003967,21.9756393432617,-10.5515308380127,55573.41796875,-2.47656226158142,4.88027261878506e-07,0.0863117198293826,1.31415251421742e-05
2,41,0.00640278961509466,1.55664324097415e-07,0.0014211357338354,476.883605957031,2.31828427314758,25.4379901885986,-12.3758974075317,56404.140625,-11.7054004669189,4.75379116998962e-06,0.0890685349228092,1.49161545566861e-05
2,42,0.00660539465025067,-8.71266507829205e-08,0.00149978569243103,484.613616943359,2.1395366191864,25.7365627288818,-9.03661155700684,57218.87890625,-4.47958135604858,9.00592388229135e-06,0.0918190734459144,1.80106915693449e-05
2,43,0.00680704414844513,-3.63444826234627e-07,0.00157993310131133,493.254608154297,-0.952862799167633,26.996753692627,-6.79271602630615,58012.2578125,1.53107404708862,1.26866966627275e-05,0.0945603538610432,2.07796651728096e-05
2,44,0.00700771668925881,-5.38007327577361e-07,0.00166147795971483,503.795074462891,-2.27010440826416,25.1822929382324,-4.27064847946167,58786.68359375,7.88423538208008,1.41184107830362e-05,0.0972934167048268,2.29866025005129e-05
2,45,0.00720758317038417,-6.39061283891351e-07,0.0017443704418838,507.331420898438,-3.85448384284973,26.7536010742187,-1.34202313423157,59548.78125,15.2872772216797,1.35797044101966e-05,0.100017815080122,2.44564523365633e-05
2,46,0.00740690715610981,-7.64455592161539e-07,0.00182830321136862,514.088195800781,-5.20656585693359,26.8270778656006,-5.71745157241821,60304.19921875,12.0572118759155,1.3206486215877e-05,0.10273508311145,2.53398001542427e-05
2,47,0.007605723105371,-7.12712846961949e-07,0.00191329361405224,519.193542480469,0.72136652469635,26.1411170959473,-13.3523254394531,61045.6953125,5.9116702079773,1.17901071526872e-05,0.10544488729348,2.40768636693277e-05
2,48,0.00780412228778005,-7.04810531715339e-07,0.00199905806221068,528.732543945313,1.95272898674011,25.0646743774414,-13.0057945251465,61782.390625,-1.07042241096497,1.12472401054355e-05,0.108149442101607,2.16724726216671e-05
2,49,0.00800228770822287,-6.97494272117183e-07,0.00208570016548038,535.929992675781,0.611142158508301,24.8988456726074,-6.5055456161499,62498.109375,0.530517220497131,1.19955931726592e-05,0.110846813204913,1.96604779532777e-05
2,50,0.00820017419755459,-8.87598503140907e-07,0.00217300513759255,540.932922363281,-0.873579680919647,26.1221351623535,-1.31498682498932,63203.578125,-1.66868031024933,1.53902174024024e-05,0.113539288449967,1.84338867099297e-05
2,51,0.00839782040566206,-1.2578659607243e-06,0.00226099486462772,544.915466308594,-1.16026270389557,27.5959491729736,3.43274116516113,63898.0078125,2.72017979621887,2.12575353205906e-05,0.116226460960264,1.8318363264345e-05
2,52,0.0085950056090951,-1.78164702901995e-06,0.00234958971850574,551.098083496094,-1.94076585769653,29.1373233795166,4.43599081039429,64584.7578125,1.4668380022049,2.79583739270409e-05,0.118910205035763,1.96115236698426e-05
2,53,0.00879185274243355,-2.4545533960918e-06,0.00243875687010586,557.930725097656,-2.12014579772949,30.5528240203857,1.57253003120422,65262.15234375,-0.527587354183197,3.53528515108626e-05,0.121590187171134,2.18740414196045e-05
2,54,0.00898839998990297,-3.23973017657409e-06,0.00252853706479073,565.1181640625,0.306796371936798,32.1566696166992,4.67019367218018,65933.2109375,-3.81992340087891,4.3760745619729e-05,0.12426584707742,2.41736225547361e-05
2,55,0.00918469112366438,-3.92784204450436e-06,0.00261898501776159,570.999633789062,3.80901074409485,33.7812156677246,4.4638819694519,66593.9609375,-7.00080966949463,5.13886020265238e-05,0.126936437702682,2.66112501443736e-05
2,56,0.00938078295439482,-4.79308982903603e-06,0.00271001318469644,574.636413574219,3.47006011009216,33.4416351318359,4.82540416717529,67239.7421875,-10.1114568710327,5.8646410819461e-05,0.129602492655448,2.83315514102606e-05
2,57,0.00957672391086817,-5.76121328776935e-06,0.00280183157883584,578.659729003906,2.84324645996094,32.8286476135254,3.55425095558167,67872.1953125,-3.53424549102783,6.72395664880797e-05,0.132261757439684,3.05266190096705e-05
2,58,0.00977239292114973,-6.84689484842238e-06,0.00289448536932468,582.902160644531,2.01953911781311,28.7783527374268,5.37688112258911,68482.875,-4.42659759521484,7.75714639224065e-05,0.134914405478161,3.23714766999931e-05
2,59,0.00996766984462738,-7.90933881944511e-06,0.00298802671022713,587.05615234375,3.85276079177857,26.2199954986572,3.96913480758667,69091.40625,-5.20373153686523,8.8518867591133e-05,0.137560570173012,3.5415344677688e-05
2,60,0.0101625313982368,-8.88234444573754e-06,0.00308236782439053,592.689880371094,2.29573559761047,21.8588771820068,5.25373411178589,69688.703125,1.05446672439575,9.83373622296662e-05,0.140201185339163,3.74670896640419e-05
2,61,0.0103569850325584,-9.67647247307468e-06,0.00317760207690299,597.251647949219,0.415394634008408,20.8294773101807,6.08455419540405,70277.1328125,-4.86003971099854,0.000106436050649287,0.1428353305019,3.95126726183116e-05
2,62,0.010550944134593,-1.01286550489021e-05,0.00327359582297504,603.471862792969,-2.69366765022278,19.9051151275635,11.9336671829224,70868.65625,-0.28460219502449,0.000111671185438103,0.145464699868304,4.01933622090196e-05
2,63,0.0107444208115339,-1.03332185972249e-05,0.00337048224173486,605.532043457031,-0.141945138573647,20.1086463928223,8.04796123504639,71440.796875,0.991970539093018,0.000113835074848749,0.148087959417051,3.97610396398322e-05
2,64,0.0109373442828655,-1.0398023732705e-05,0.00346810510382056,609.933166503906,1.33117079734802,21.2032451629639,4.37122440338135,72013.0546875,-2.0501983165741,0.000114429795623972,0.150706936757354,3.86498350527732e-05
2,65,0.0111298197880387,-1.03698121165507e-05,0.0035664311144501,616.489562988281,1.67253136634827,22.261417388916,1.31621599197388,72579.6875,-1.66564798355103,0.000114420845695765,0.153321431786015,3.69915058516326e-05
2,66,0.0113220252096653,-1.03399324871134e-05,0.00366523070260882,618.428100585938,-0.339579582214355,21.2131881713867,5.32256269454956,73132.90625,0.165265366435051,0.000114383456621596,0.155932725163502,3.6331080618022e-05
2,67,0.0115138683468103,-1.02807935036253e-05,0.00376459187828004,624.758056640625,-1.74793255329132,20.8740863800049,5.34462881088257,73687.359375,4.17691469192505,0.00011455483406783,0.158540443363845,3.59414460797695e-05
2,68,0.011705338023603,-1.01784225989832e-05,0.00386453745886683,628.661071777344,-6.02195405960083,22.5201263427734,6.80199098587036,74234.2109375,15.868257522583,0.00011499044935078,0.161144426304486,3.63641999120311e-05
2,69,0.0118965562433004,-1.0179179298575e-05,0.00396502064540982,632.535827636719,-1.93389105796814,23.4759120941162,-2.40172481536865,74769.9296875,10.8800230026245,0.000116645104782263,0.163744500562653,3.70906064395085e-05
2,70,0.0120874019339681,-1.02499207059736e-05,0.0040658782236278,635.140075683594,1.01293635368347,24.0901737213135,-8.37794303894043,75306.390625,-3.32894587516785,0.0001185982214295,0.166342827252887,3.81041923227288e-05
2,71,0.0122779095545411,-1.03376423794543e-05,0.00416730297729373,646.905334472656,-1.19738364219666,24.2024726867676,-6.27479934692383,75842.6796875,0.1190080717206,0.000120572364545626,0.168937392002993,3.83983316481145e-05
2,72,0.0124684050679207,-1.0472100257175e-05,0.00426919618621468,655.736755371094,-1.81126070022583,23.5032482147217,-4.30646848678589,76360.625,0.24368691444397,0.000122651692116399,0.171527527802309,3.92006725191677e-05
2,73,0.0126585783436894,-1.05984709080076e-05,0.00437148474156856,659.649841308594,-4.16725873947144,19.7473621368408,-0.631442308425903,76867.9765625,-1.17016530036926,0.000125291894882364,0.174115489146869,4.0469790577495e-05
2,74,0.0128484396263957,-1.08526946860366e-05,0.0044741821475327,664.3515625,-1.13617742061615,17.7752380371094,-4.22514057159424,77375.2109375,1.68158876895905,0.000128273823364193,0.176701035912836,4.25828269390046e-05
2,75,0.0130381276831031,-1.11589024527348e-05,0.00457727489992976,668.013061523437,-1.09225015876291e-06,14.6478748321533,-8.60789012908936,77875.21875,-1.47361862659454,0.000131745744130915,0.179283661172108,4.40565785268715e-05
2,76,0.0132275866344571,-1.14186677819816e-05,0.00468088407069445,670.020446777344,-1.39739716053009,11.5645799636841,-4.18194675445557,78363.4921875,0.855319440364838,0.00013495736138162,0.181862457790184,4.53712637051203e-05
2,77,0.013416763395071,-1.18225279948092e-05,0.004784912802279,673.192443847656,6.24135732650757,11.7418718338013,-14.122745513916,78857.1328125,-3.71552515029907,0.000139282091755748,0.184438626386256,4.73711362363967e-05
2,78,0.0136057501658797,-1.22613237181213e-05,0.00488946679979563,676.494689941406,5.43318319320679,11.9466905593872,-8.50532531738281,79349.8046875,-2.96077346801758,0.000144440885089989,0.187010686196655,4.89062215389632e-05
2,79,0.013794501312077,-1.26740369523759e-05,0.00499444175511599,677.956970214844,2.79040741920471,11.2317581176758,-3.30776286125183,79828.7734375,-3.59409189224243,0.000149776084505527,0.189579864520998,5.12385343984326e-05
2,80,0.013983016833663,-1.32124541778467e-05,0.00509989866986871,682.912658691406,1.95898330211639,10.5936861038208,-2.15717625617981,80306.5234375,-3.25934314727783,0.000156303760891122,0.192145574389903,5.32534635229044e-05
2,81,0.0141714625060558,-1.37835222631111e-05,0.00520575232803822,686.414245605469,0.275421917438507,11.371337890625,-1.06118524074554,80778.1796875,-1.3456027507782,0.000162823959461883,0.194707829143583,5.61782043084495e-05
2,82,0.0143597144633532,-1.43595580084366e-05,0.00531204091385007,689.302490234375,0.209946766495705,11.1018848419189,-1.35853230953217,81245.75,-1.65199553966522,0.000169807000899221,0.197266855565664,5.86917857829908e-05
2,83,0.014547654427588,-1.50000141729834e-05,0.00541873602196574,693.945373535156,-0.0292559005320072,9.36651420593262,-0.943014860153198,81711.078125,-0.181175425648689,0.000176670084637972,0.199823507429791,6.11038370312129e-05
2,84,0.0147354369983077,-1.55664802150568e-05,0.00552597735077143,697.924194335938,0.435952216386795,8.95410346984863,-3.24603509902954,82171.9765625,-3.45788335800171,0.000182523845759886,0.202375703662701,6.27662243147938e-05
2,85,0.0149230640381575,-1.60533272719476e-05,0.00563360238447785,706.471252441406,0.0263371895998716,9.23379802703857,-2.33065962791443,82633.0390625,2.00109076499939,0.00018720779785218,0.204924978388916,6.43097221590484e-05
2,86,0.0151103809475899,-1.65457804541802e-05,0.00574166467413306,707.924255371094,-2.61434268951416,8.6035852432251,2.92930841445923,83081.84375,3.65447354316711,0.000191873315958429,0.207471558392059,6.57270677037503e-05
2,87,0.0152975302189589,-1.70112307387171e-05,0.0058502466417849,712.644592285156,-3.81149959564209,6.55510330200195,3.86325335502625,83522.703125,1.90806365013123,0.000196800401253238,0.210013989588891,6.58972596427553e-05
2,88,0.0154844457283616,-1.74448832694907e-05,0.00595925096422434,713.332580566406,-2.34827518463135,5.10754251480102,2.2989981174469,83954.8828125,1.76092123985291,0.000202744964412419,0.212553485938813,6.6308962854054e-05
2,89,0.0156710762530565,-1.7903574189404e-05,0.0060686282813549,716.180236816406,-2.10716485977173,5.05107736587524,1.1148829460144,84395.3046875,2.36973977088928,0.000209620046526539,0.215090781153554,6.71368572683066e-05
2,90,0.0158576108515263,-1.82948406290961e-05,0.00617823610082269,720.928649902344,-0.780783116817474,5.4343900680542,0.631499648094177,84839.078125,3.6897144317627,0.000216023765755089,0.217626342140576,6.79435167728397e-05
2,91,0.0160440802574158,-1.85777389560826e-05,0.0062881913036108,726.36572265625,1.83499372005463,6.83079290390015,-2.44904661178589,85268.65625,1.59746730327606,0.000221671899996625,0.220158888239409,6.85298803734708e-05
2,92,0.0162303168326616,-1.87815694516758e-05,0.00639846222475171,729.162658691406,1.49129927158356,8.51941013336182,0.843317449092865,85697.3984375,-0.39472234249115,0.000226356216860375,0.222689526687752,6.87941638066172e-05
2,93,0.016416497528553,-1.90573355212109e-05,0.00650911312550306,730.875549316406,1.46497535705566,9.17488002777099,6.68032455444336,86117.109375,1.11300826072693,0.000231186937353222,0.225216790062149,7.0731660419036e-05
2,94,0.0166027266532183,-1.929149220814e-05,0.00662002712488174,732.8076171875,0.915690183639526,9.54809188842773,3.76132392883301,86529.8046875,1.42838621139526,0.000234381110711832,0.227741318692836,7.26896558844878e-05
2,95,0.0167886577546597,-1.95097363757668e-05,0.00673134252429009,739.469116210937,0.298532396554947,9.92809391021728,4.97453165054321,86944.09375,0.935942649841309,0.00023749909894649,0.230263446085142,7.36282128389945e-05
2,96,0.0169743038713932,-1.96783694264013e-05,0.00684302020817995,745.140502929688,-0.357452869415283,8.71343040466309,2.66677117347717,87354.1796875,-3.37455296516418,0.000239860368797113,0.232783439043333,7.41326787341331e-05
2,97,0.017159691080451,-1.98193192773033e-05,0.00695502804592252,749.857238769531,0.189910024404526,9.00419998168946,2.35631155967712,87760.828125,-3.56060147285461,0.000241623960618214,0.23530151101082,7.37062218202224e-05
2,98,0.0173448137938976,-2.00812573893927e-05,0.00706740282475948,751.110046386719,-0.279736042022705,10.8084697723389,3.29956197738647,88167.5546875,-3.16546678543091,0.000244552476136943,0.237817315142059,7.41287378996605e-05
2,99,0.0175295099616051,-2.02877454285044e-05,0.00718015851452947,755.68701171875,0.751613855361938,10.6178245544434,3.63339638710022,88578.4375,-2.2437436580658,0.000247733934604825,0.240331518447711,7.48567696142468e-05
2,100,0.0177138186991215,-2.05024298338685e-05,0.00729337567463517,756.740051269531,-1.58879709243774,10.9344635009766,7.60440158843994,88979.7578125,2.43451881408691,0.000251038894265433,0.242843107071572,7.66014519436555e-05
2,101,0.0178978983312845,-2.06912827707129e-05,0.00740698771551251,759.806030273437,-0.104752853512764,12.9835824966431,7.25705289840698,89382.296875,1.96635019779205,0.00025411743507271,0.245352000972362,7.92938691379375e-05
2,102,0.0180818159133196,-2.09645131690195e-05,0.00752091640606523,762.282592773437,0.0370538532733917,13.5474815368652,6.9909086227417,89778.5,3.41831493377686,0.000258015956056415,0.247858627036904,8.30041159404956e-05
2,103,0.0182657521218061,-2.12278500839602e-05,0.00763516267761588,765.199279785156,-1.34426832199097,14.2327270507813,8.90939807891846,90161.6171875,3.21051454544067,0.000261368804998083,0.250362131491551,8.64109445437737e-05
2,104,0.0184496268630028,-2.17151955439476e-05,0.00774956773966551,766.67041015625,-0.096828743815422,16.4040050506592,5.13693237304687,90548.0,0.57280296087265,0.00026596927653732,0.252864381966156,8.94560631664583e-05
2,105,0.0186332929879427,-2.22467879211763e-05,0.00786422286182642,771.04736328125,-0.250992327928543,15.2825984954834,3.6918613910675,90936.578125,0.528371751308441,0.000271180636043781,0.255365245058586,9.18289079970108e-05
2,106,0.0188167504966259,-2.29546640184708e-05,0.00797925516963005,775.756225585937,-0.0877215936779976,15.6445770263672,4.72174310684204,91316.7109375,0.648733615875244,0.000278295555389765,0.257863466788797,9.43817545132056e-05
2,107,0.0190000180155039,-2.37474068853771e-05,0.00809450913220644,778.827087402344,0.467738807201385,15.6920080184937,2.79678606987,91692.59375,-3.41344666481018,0.000286227979677302,0.260360461219392,9.65123715561059e-05
2,108,0.0191832110285759,-2.4578668671893e-05,0.00821004528552294,783.946105957031,1.6721818447113,17.2592067718506,-0.732911050319672,92070.5546875,-1.03000593185425,0.000295156282148037,0.26285510777246,9.86183795533248e-05
2,109,0.0193663593381643,-2.54238493653247e-05,0.00832569971680641,787.9365234375,0.826282501220703,16.6669254302979,1.13552379608154,92436.921875,-2.34575033187866,0.000304774862487733,0.265348820510602,0.00010094019546279
2,110,0.0195494201034307,-2.61301865975838e-05,0.00844159442931414,788.993713378906,-0.809504747390747,17.155481338501,3.51789665222168,92800.4765625,-1.61848831176758,0.000313363562733577,0.267840665618893,0.000102773927623726
2,111,0.0197322610765696,-2.6854089810513e-05,0.00855767261236906,791.841430664062,-0.0505048707127571,17.3788528442383,2.47003793716431,93162.8984375,-1.97680461406708,0.00032110390879479,0.270331763675244,0.000103339127966173
2,112,0.0199150256812572,-2.75953389063943e-05,0.00867401994764805,795.121032714844,-2.07472968101502,17.8992004394531,5.55573797225952,93525.296875,0.0705797076225281,0.00032962887825637,0.272820647256199,0.000104063069029439
2,113,0.020097628235817,-2.83423523796955e-05,0.008790522813797,800.139587402344,-0.519410848617554,17.8483810424805,1.3991471529007,93892.3203125,0.629742860794067,0.000339417624479968,0.275308783785215,0.000105294074984463
2,114,0.0202800296247006,-2.90563748421846e-05,0.00890716724097729,802.724853515625,0.314122498035431,16.9138736724854,-1.35088682174683,94257.609375,0.100980095565319,0.000348424873915672,0.277796520107833,0.000107116642533356
2,115,0.0204624477773905,-2.97435526590561e-05,0.00902407709509134,807.359924316406,1.90483748912811,17.9168930053711,-2.43051505088806,94620.609375,1.09953916072845,0.000356729729859078,0.28028164174866,0.000108809729243166
2,116,0.020644698292017,-3.02923454000847e-05,0.00914125237613916,809.338317871094,1.87286555767059,19.1398639678955,-4.3424072265625,94974.1015625,-1.88888692855835,0.000363464192577177,0.282765002481341,0.000110015839546365
2,117,0.0208266619592905,-3.08319868054241e-05,0.00925878901034594,809.643981933594,1.59592342376709,17.6353321075439,-2.83135938644409,95327.4453125,0.043399803340435,0.000370406366583969,0.285246228779907,0.000111670065068634
2,118,0.021008538082242,-3.12544361804612e-05,0.0093765864148736,810.20263671875,0.122827798128128,17.8200969696045,-0.504761934280396,95679.09375,0.713190734386444,0.000375856807724281,0.28772537400521,0.000113336249883615
2,119,0.0211901813745499,-3.15924007736612e-05,0.00949475076049566,812.378723144531,-1.27014100551605,16.2968997955322,1.32947361469269,96026.953125,4.89328765869141,0.000380506054418113,0.290202091311707,0.00011491645285556
2,120,0.0213718414306641,-3.18850034091156e-05,0.0096132755279541,817.8720703125,-1.79450786113739,15.8563823699951,-2.04269218444824,96364.640625,4.8833270072937,0.000385163742965625,0.292675313482339,0.000116668723733994
2,121,0.0215531550347805,-3.2097701478051e-05,0.00973227340728044,823.702270507813,-0.799155235290527,16.2350540161133,-5.29809904098511,96701.0390625,3.2158305644989,0.000388619249016858,0.295145867610327,0.000119283223139912
2,122,0.0217344183474779,-3.23494568874594e-05,0.00985143799334765,825.802612304687,-0.329579651355743,15.4444751739502,-8.25629329681397,97034.625,0.924417734146118,0.000391727492642639,0.297615061036566,0.000121539386701198
2,123,0.021915452554822,-3.24343236570712e-05,0.00997073017060757,829.094848632813,0.959201097488403,14.6044158935547,-12.9479084014893,97371.8828125,-1.74576127529144,0.000392980847363076,0.300084067699819,0.000123416318224484
2,124,0.0220962483435869,-3.2524829293834e-05,0.0100902589038014,831.638244628906,-0.395773500204086,12.9699354171753,-11.3017816543579,97707.59375,-2.58491039276123,0.000393795434132986,0.302551953785162,0.000124016640847057
2,125,0.0222769360989332,-3.25903929478954e-05,0.0102103883400559,833.540161132813,1.75181150436401,14.0303049087524,-10.9223966598511,98026.1015625,-1.73198616504669,0.00039452674879067,0.30501530419801,0.000121858340256209
2,126,0.0224573835730553,-3.25881483149715e-05,0.0103309201076627,835.271789550781,-0.180727556347847,14.3867168426514,-7.57253551483154,98346.078125,-1.93540227413178,0.000393831364121334,0.307475826485654,0.000119060386863375
2,127,0.0226375479251146,-3.25865621562116e-05,0.0104517210274935,839.397644042969,-1.21020901203156,13.7041730880737,-4.30588579177856,98668.078125,1.2043844461441,0.000393423810185339,0.309935094793255,0.000116637587884774
2,128,0.0228172596544027,-3.2764466595836e-05,0.0105730155482888,841.849792480469,-1.79319560527802,12.8603744506836,-4.54596138000488,98986.9453125,1.79625201225281,0.000396819519773007,0.312391695058212,0.000115366541748754
2,129,0.0229965895414352,-3.32033778249752e-05,0.0106948651373386,846.439819335937,-1.05220127105713,12.4157018661499,-3.45276284217834,99300.1953125,2.95484113693237,0.000404882271690504,0.314844960269863,0.000115818832298231
2,130,0.0231758132576942,-3.37715209752787e-05,0.0108169037848711,847.233093261719,0.11952805519104,10.5861196517944,-4.47225999832153,99612.078125,1.84175229072571,0.000413583060993543,0.317296838099339,0.000118511536098657
2,131,0.0233549308031797,-3.44427171512507e-05,0.0109391836449504,849.880249023437,1.60835897922516,9.45898532867432,-2.18752098083496,99918.875,0.110909722745419,0.000422521629175234,0.319747115103228,0.000122272264665119
2,132,0.0235340613871813,-3.51277085428592e-05,0.0110612576827407,852.666564941406,1.86863803863525,9.69347858428955,-1.88680469989777,100232.640625,-0.903407394886017,0.000430767235812256,0.322199072973983,0.000126343713373744
2,133,0.023713668808341,-3.60236663254909e-05,0.0111830057576299,853.386596679688,1.27187955379486,8.78378295898438,-0.233666226267815,100535.0,-0.967634320259094,0.000441322028147104,0.324652338185634,0.000131298925153267
2,134,0.0238932464271784,-3.7007197533967e-05,0.0113047333434224,857.450561523437,1.69162714481354,8.62485313415527,-1.09661674499512,100843.34375,-2.15430617332458,0.000451403737959522,0.327105896881977,0.000134391066724807
2,135,0.0240725055336952,-3.78208824258763e-05,0.0114267719909549,861.472961425781,-2.1221981048584,7.65118741989136,5.84704732894897,101153.6328125,1.42977464199066,0.000460766222682488,0.329557774711452,0.000135766815296052
2,136,0.0242516063153744,-3.8460497307824e-05,0.0115492539480329,862.871704101562,-0.765411078929901,6.31643104553223,2.150559425354,101453.984375,0.339233040809631,0.0004680396091707,0.332006210765917,0.000135359782462136
2,137,0.0244306791573763,-3.88723601645324e-05,0.0116720488294959,864.578308105469,-0.161353334784508,4.81624984741211,1.7209267616272,101755.484375,0.0731110274791718,0.000473034216267396,0.334451738653899,0.000134244415572221
2,138,0.0246097929775715,-3.92196780012455e-05,0.0117951733991504,867.452575683594,-0.4294253885746,3.80788993835449,1.33341407775879,102057.0390625,0.0453880876302719,0.000476466924102673,0.336894144931986,0.00013431966271243
2,139,0.0247889049351215,-3.94583257730119e-05,0.0119185363873839,870.524291992188,-0.719769954681396,2.97179245948791,0.210810080170631,102351.3515625,-0.250542432069778,0.000478895311901072,0.339334576858517,0.000135682110153108
2,140,0.0249674990773201,-3.95315910282079e-05,0.012042386457324,873.206787109375,0.704742848873138,1.28048324584961,-0.132682517170906,102642.3984375,-2.0077805519104,0.000479410212865343,0.341772847670506,0.000137151696181231
2,141,0.0251458398997784,-3.96129398723133e-05,0.01216662209481,875.759765625,-0.425610363483429,0.517797291278839,2.00460386276245,102926.28125,-0.662230789661407,0.000479857057898095,0.344208690563688,0.00013873509090341
2,142,0.0253237914294004,-3.96898758481257e-05,0.0122912870720029,877.624877929688,0.0287099275738001,-0.826654851436615,2.83412837982178,103209.375,-0.647208213806152,0.000480864243996407,0.346642185579343,0.000142272188512665
2,143,0.0255018174648285,-3.9914608350955e-05,0.0124161615967751,880.78076171875,0.932417929172516,-0.345572918653488,2.10102343559265,103490.9765625,-0.958994209766388,0.000482969600616028,0.34907349280003,0.000145322459532156
2,144,0.0256793592125177,-4.01513316319324e-05,0.0125414170324802,882.781372070312,-0.302831947803497,-0.362712025642395,1.29722774028778,103771.0078125,-0.172579407691956,0.000485758591053102,0.351503305916836,0.000149946041948596
2,145,0.0258571375161409,-4.0323895518668e-05,0.0126665579155087,883.518676757813,0.0957887023687363,-0.696802854537964,0.824641406536102,104054.90625,-1.5412632226944,0.000486357754223549,0.353932958951083,0.000150468433755253
2,146,0.0260349940508604,-4.06446088163648e-05,0.012791502289474,886.605712890625,-0.133032917976379,-1.13279092311859,1.60043346881866,104348.265625,0.748755156993866,0.000489451068274766,0.356363892645799,0.000150199010952852
2,147,0.0262129250913858,-4.09839740314055e-05,0.0129163730889559,889.73095703125,-0.0888287499547005,-1.50695776939392,1.4653844833374,104635.203125,0.14362496137619,0.000493626711344089,0.358795359949044,0.000148865015685688
2,148,0.0263909697532654,-4.13598136219662e-05,0.0130412466824055,891.051696777344,-0.0388563014566898,-2.20207834243774,1.41352605819702,104916.359375,1.51823723316193,0.000497640083226008,0.361226400365466,0.000146291826647084
2,149,0.0265690647065639,-4.18588351749349e-05,0.0131661640480161,893.796081542969,0.244242131710052,-2.52438688278198,1.42553544044495,105193.5859375,0.792129099369049,0.000502906861938572,0.363656720410374,0.000145243108713074
2,150,0.0267476476728916,-4.23792334913742e-05,0.0132907852530479,896.020263671875,-0.091301217675209,-2.64930939674377,1.28456628322601,105460.078125,0.0124887144193053,0.000508511314798335,0.366087760826796,0.000145395231437489
2,151,0.0269255749881268,-4.28850726166274e-05,0.013415539637208,898.659423828125,-0.0917324125766754,-2.20288825035095,1.79442977905273,105742.8125,-0.0690540596842766,0.000513421763909271,0.3685193882126,0.000148064785278055
2,152,0.0271033514291048,-4.34344183304347e-05,0.0135407047346234,901.394470214844,-0.837907373905182,-1.25160324573517,2.33789753913879,106024.3203125,-1.04025316238403,0.000518299435699438,0.370947840627657,0.000147962362664425
2,153,0.0272811222821474,-4.38499082520138e-05,0.0136659359559417,903.484436035156,-0.573844730854034,-1.50313985347748,0.17028996348381,106298.359375,0.28001081943512,0.000524758443858571,0.373375972877596,0.000148673888470659
2,154,0.0274585038423538,-4.43832213932183e-05,0.0137913729995489,905.992858886719,-0.171406686306,-2.03330898284912,-2.21488928794861,106577.84375,-0.10066994279623,0.000531725109663077,0.375803544838581,0.000149387264189273
2,155,0.0276351049542427,-4.48781684099231e-05,0.0139174433425069,908.533081054687,0.585209548473358,-2.61246728897095,-2.60857892036438,106858.1953125,-0.277044922113419,0.000538683177283279,0.378228368715641,0.000147388368724395
2,156,0.0278121661394835,-4.48238133685663e-05,0.0140436049550772,911.200500488281,0.222688838839531,-3.10302901268005,-0.545568287372589,107118.859375,0.646880507469177,0.00054028301277605,0.380651111519438,0.000145137637652282
2,157,0.0279891453683376,-4.41621050413232e-05,0.0141700925305486,912.221801757813,-0.18790665268898,-2.7578296661377,-0.39007169008255,107373.4921875,1.65189552307129,0.000533754958591448,0.383072120095517,0.000143195854975264
2,158,0.0281647685915232,-4.42889468104113e-05,0.0142976837232709,915.328552246094,-0.0755058154463768,-2.27096128463745,-1.86722934246063,107631.7421875,0.810056686401367,0.000534477101852542,0.38548821947313,0.000150229300011195
2,159,0.0283401142805815,-4.47722850367427e-05,0.0144256483763456,917.933349609375,-0.0866381600499153,-1.15660035610199,-2.9656023979187,107898.0859375,-0.482990980148315,0.000536833369123206,0.387901464045113,0.000157064374513198
2,160,0.0285160280764103,-4.47835591330659e-05,0.0145531399175525,920.00927734375,-0.0371445491909981,-0.396320134401321,-2.88616347312927,108161.6953125,-0.399984210729599,0.000534843749275334,0.390316843051212,0.000159189337598541
2,161,0.0286914762109518,-4.49542858405039e-05,0.014681282453239,922.593872070312,0.133931532502174,-0.619715690612793,-2.80953478813171,108415.7109375,-0.987955808639526,0.000536436341449207,0.392729047086563,0.000157065651213292
2,162,0.0288664996623993,-4.52374479209539e-05,0.0148101774975657,924.515930175781,-0.118584766983986,-0.129738509654999,-2.32441663742065,108661.3125,0.00124623079318553,0.000542787325147361,0.395136528686434,0.000153146455504602
2,163,0.029040927067399,-4.58667018392589e-05,0.0149401528760791,926.695434570312,0.452193766832352,-0.152262225747108,-0.931836366653442,108903.546875,-0.0171769093722105,0.000551734230962317,0.397536859932018,0.000153280000939901
2,164,0.0292152836918831,-4.66553938167635e-05,0.015070328488946,928.170471191406,-0.00195980025455356,0.693453729152679,0.0906911864876747,109147.53125,0.496236234903336,0.000563346261250166,0.399935536991161,0.000154412290619832
2,165,0.0293904505670071,-4.72042956971563e-05,0.0152002908289433,930.287170410156,-0.080795906484127,0.607857346534729,0.0166887585073709,109378.6015625,-0.355957597494125,0.00056822648644052,0.402333413637512,0.00015460815986378
2,166,0.0295654274523258,-4.73581530968659e-05,0.015330795198679,932.769226074219,-0.0655964538455009,0.463028162717819,1.80680668354034,109613.703125,0.119864694774151,0.00056744837681614,0.40472672793094,0.000152610554126547
2,167,0.0297404360026121,-4.76900277135428e-05,0.0154614401981235,934.613525390625,-0.362626612186432,0.907641470432281,-1.34775102138519,109851.125,1.04300260543823,0.0005693811965374,0.407118121233664,0.000152438694660889
2,168,0.029915040358901,-4.79798218293581e-05,0.0155921895056963,936.805786132813,-0.242280751466751,0.601716876029968,-1.13506615161896,110086.0390625,-0.279543459415436,0.00057287466487509,0.409510608433873,0.000154646578114555
2,169,0.0300902891904116,-4.74616645078641e-05,0.0157222971320152,937.696838378906,0.440381467342377,0.156574234366417,0.319417268037796,110324.2578125,-0.547533214092255,0.000565528376206024,0.411905603594167,0.000155365816231558
2,170,0.0302652921527624,-4.68594880658202e-05,0.0158522557467222,939.716491699219,-0.319602578878403,0.762513816356659,1.70044040679932,110576.28125,-0.0995350703597069,0.000555738431447645,0.414302439703886,0.000154092073392279
2,171,0.0304402820765972,-4.68881989945658e-05,0.0159821044653654,942.709533691406,0.00950247887521982,1.52823388576508,1.3722231388092,110832.578125,0.354254573583603,0.000556906169096501,0.41669999618512,0.000151354984722274
2,172,0.0306154377758503,-4.68527323391754e-05,0.0161113776266575,944.801086425781,-0.418849438428879,1.90777575969696,0.656188607215881,111092.78125,-0.787082016468048,0.00056083486189058,0.419101714812878,0.000149940674597182
2,173,0.0307908784598112,-4.73616892122664e-05,0.0162397492676973,947.836059570312,-0.516859889030456,2.1988308429718,1.35147488117218,111367.7890625,0.267682582139969,0.000568551237256159,0.42150948989744,0.000148873548732232
2,174,0.0309671405702829,-4.76156674267258e-05,0.0163674913346767,950.080749511719,-0.492043912410736,2.40687155723572,0.386310547590256,111614.8515625,0.511288404464722,0.000572427976172961,0.423920920200425,0.000143961888058962
2,175,0.0311429612338543,-4.7904446546454e-05,0.0164951551705599,952.234069824219,0.602617561817169,2.89633679389954,0.0675869956612587,111876.421875,-0.204322919249535,0.000579164262748336,0.426333737885585,0.000141118194931143
2,176,0.0313182696700096,-4.88079094793648e-05,0.0166231002658606,954.080017089844,0.315017849206924,2.4543604850769,2.65998578071594,112144.8671875,0.0264521185308695,0.000594971425323263,0.42874591524051,0.000142336596729631
2,177,0.0314947217702866,-4.99010784551501e-05,0.0167508982121944,955.735473632813,0.481605708599091,3.16924166679382,2.67196226119995,112402.125,0.874860644340515,0.00060722008602104,0.431155077707247,0.000144048547334701
2,178,0.0316703766584396,-5.10487698193174e-05,0.0168791636824608,957.412780761719,0.176861763000488,2.79325532913208,4.14018774032593,112651.5703125,0.172201454639435,0.000619905690812068,0.433563839967587,0.000147370833639436
2,179,0.0318466126918793,-5.20084395247977e-05,0.01700777746737,959.7333984375,-0.315715312957764,2.95139622688293,0.291849315166473,112895.46875,-0.400047719478607,0.0006326711284416,0.435967559627329,0.000148414340552655
2,180,0.0320213250815868,-5.24833740200847e-05,0.0171376913785934,962.660034179688,0.0115792816504836,2.4980034828186,-1.07890963554382,113141.9765625,-0.419898927211762,0.000641498389219215,0.438365436273679,0.000147850599296029
2,181,0.0321956425905228,-5.31115474586841e-05,0.0172684565186501,964.365417480469,-0.458417624235153,2.82886338233948,-2.01957321166992,113393.4921875,0.198551386594772,0.000645474710743315,0.440756562772139,0.000148540434228224
2,182,0.0323700308799744,-5.28457057953346e-05,0.0173995215445757,966.147583007813,-0.199236199259758,2.63279819488525,-1.02232956886292,113624.7578125,0.678431987762451,0.000638522114694943,0.443145875001601,0.00014580784006365
2,183,0.03254309669137,-5.21512993145734e-05,0.0175324771553278,967.743286132813,0.232954770326614,2.47935056686401,-0.679434955120087,113847.7890625,0.0551804974675178,0.000629742534757558,0.445525422194983,0.000145596077206292
2,184,0.0327152609825134,-5.1406033890089e-05,0.0176681820303202,968.98681640625,-0.0538411550223827,1.61428582668304,-1.16095268726349,114017.484375,0.340646147727966,0.000621100213107785,0.447887306946059,0.000142465374080906
2,185,0.0328024700284004,-5.08870034536812e-05,0.0177369564771652,970.074890136719,-0.131423622369766,1.94306790828705,-1.09692907333374,114116.4140625,0.0497117340564728,0.000616486271079806,0.449055856263513,0.00013954776262318
2,186,0.0329703725874424,-5.02873881487176e-05,0.0178796853870153,970.526184082031,-0.14380344748497,-1.30854427814484,-1.4217209815979,114266.3515625,-0.0318583734333515,0.000610672230963864,0.45137854746814,0.000136855084877858
2,187,0.0331315211951733,-5.02183538628742e-05,0.0180295445024967,971.180847167969,-0.201543584465981,-3.74259185791016,-1.89730179309845,114336.046875,0.310963362455368,0.000609739249801603,0.453669382243592,0.000137842312766544
2,188,0.0331496112048626,-5.05049538332969e-05,0.0180525574833155,971.590209960937,-0.0750809982419014,-2.58912706375122,-0.593068778514862,114284.921875,0.0859009921550751,0.000613286600094263,0.453931384031286,0.000139102598144632
2,189,0.0331865847110748,-5.10009194840677e-05,0.0180979464203119,971.642639160156,-0.0432807207107544,1.59228503704071,2.95041561126709,114221.1953125,0.033571794629097,0.000620148576491095,0.454458802701258,0.000140138080085835
2,190,0.0332612991333008,-5.18906381330453e-05,0.0181862320750952,969.523620605469,-0.776793420314789,6.17685794830322,9.31368350982666,114169.796875,1.2001930475235,0.000633757105174259,0.45553466421724,0.000141011877079473
2,191,0.0334118232131004,-5.3378586017061e-05,0.018349427729845,970.478576660156,0.283405840396881,-0.371768027544022,5.73547601699829,114186.484375,0.000506216252688318,0.000658786054910819,0.457791508129401,0.000146770497989311
2,192,0.033498477190733,-5.26600233570207e-05,0.0184140428900719,974.147338867187,0.335490494966507,2.52035284042358,5.38514709472656,114430.5859375,-0.397541403770447,0.000647270480617795,0.459017740528829,0.000143662098032907
2,193,0.0336740426719189,-5.12285914737731e-05,0.018541919067502,976.454406738281,1.02292323112488,3.58895325660706,0.790591180324554,114812.1328125,-0.396019041538239,0.000624362937444888,0.461473460339714,0.000138718089948082
2,194,0.0338502526283264,-5.04713352711406e-05,0.0186716541647911,979.736450195312,0.145304962992668,4.7407112121582,0.302601963281632,115054.390625,-1.18450093269348,0.000611271029362856,0.463915679854816,0.000137850715537568
2,195,0.034028947353363,-5.0420370826032e-05,0.0188012607395649,982.654235839844,0.224156945943832,8.74166107177734,0.336031228303909,115344.9765625,-1.36137294769287,0.000607136188586319,0.466344132269873,0.00014179518469709
2,196,0.0342117324471474,-5.07961740368046e-05,0.0189262572675943,985.149291992188,-0.167692303657532,9.34608840942383,0.811504900455475,115672.0703125,-0.15141735970974,0.000608994542820488,0.468793768943527,0.000145049558373378
2,197,0.0343949198722839,-5.12997430632822e-05,0.0190509036183357,987.310424804687,-0.456018358469009,9.0599889755249,-1.69688773155212,115991.5078125,0.395390570163727,0.000612904892821387,0.471244632916799,0.000148507292135999
2,198,0.0345781110227108,-5.15691499458626e-05,0.0191755592823029,989.405944824219,0.610985040664673,8.6209716796875,-3.16427779197693,116298.3125,-0.631279528141022,0.000617428423638658,0.473695390168364,0.000149416406823042
2,199,0.0347607582807541,-5.15960455231834e-05,0.0193000752478838,991.924377441406,-0.132449790835381,8.08011245727539,-3.36003041267395,116621.9375,0.399707317352295,0.000617633060425085,0.476148121771486,0.000150132166583667
2,200,0.0349427051842213,-5.18102133355569e-05,0.019425118342042,994.680480957031,-0.263447642326355,7.1717381477356,-2.90726470947266,116940.8359375,0.684092283248901,0.000620592972344076,0.478598985744757,0.000151258059735578
2,201,0.0351240523159504,-5.21300935361069e-05,0.0195508748292923,997.394104003906,0.670246779918671,7.19506740570068,-3.47035217285156,117255.4375,-0.241133481264114,0.00062805322603782,0.481045527488944,0.000150401263697268
2,202,0.0353047698736191,-5.24235620105173e-05,0.0196771938353777,999.957580566406,0.196989551186562,6.92260503768921,-1.64221632480621,117570.953125,-0.471637815237045,0.000632215476783713,0.483489347829633,0.000151433723246413
2,203,,,,,,,,,,,,
